id;username;name;last_name;mail;password
1;card;Assurance;Huels;Gloves;Luxembourg Bike
2;database RSS clear-thinking;hacking;Zemlak;dedicated grey;Programmable
3;Shirt;Vermont Wyoming;Kemmer;Cotton Money;Balanced drive
4;hack;Central sensor Alabama;Green;conglomeration Technician;wireless Jewelery Chad
5;Tasty;multi-byte;Block;New Spring;Home
6;reinvent;sky;Bauch;payment Garden withdrawal;online
7;incentivize Intelligent blue;Small;Lockman;e-business;functionalities
8;payment installation;bluetooth;McLaughlin;Belize;blockchains
9;Solutions;deposit Universal Health;Morar;auxiliary;JSON Handmade Dynamic
10;generate CSS;Music Corporate methodology;Mitchell;Franc invoice;Chicken
